/* =========================================================================
   1. LES 5 RESTAURANTS
   ========================================================================= */
INSERT INTO RESTAURANT (NUM_RESTAURANT, NOM, ADRESSE, LATITUDE, LONGITUDE) 
VALUES (1, 'L Excelsior', '50 Rue Henri Poincaré, 54000 Nancy', 48.690312, 6.175402);

INSERT INTO RESTAURANT (NUM_RESTAURANT, NOM, ADRESSE, LATITUDE, LONGITUDE) 
VALUES (2, 'Le Grand Café Foy', '1 Place Stanislas, 54000 Nancy', 48.693752, 6.183201);

INSERT INTO RESTAURANT (NUM_RESTAURANT, NOM, ADRESSE, LATITUDE, LONGITUDE) 
VALUES (3, 'Le Bouche à Oreille', '42 Rue des Carmes, 54000 Nancy', 48.691236, 6.181347);

INSERT INTO RESTAURANT (NUM_RESTAURANT, NOM, ADRESSE, LATITUDE, LONGITUDE) 
VALUES (4, 'Le Capucin Gourmand', '31 Rue Gambetta, 54000 Nancy', 48.693151, 6.179374);

INSERT INTO RESTAURANT (NUM_RESTAURANT, NOM, ADRESSE, LATITUDE, LONGITUDE) 
VALUES (5, 'La Table du Bon Roi Stanislas', '7 Rue Gustave Simon, 54000 Nancy', 48.692484, 6.181284);


/* =========================================================================
   2. LES TABLES PHYSIQUES DES RESTAURANTS
   ========================================================================= */
-- Tables du Restaurant 1 (L'Excelsior)
INSERT INTO TABLE_RESTAURANT (NUM_TABLE, NUM_RESTAURANT, NB_PLACES) VALUES (1, 1, 2);
INSERT INTO TABLE_RESTAURANT (NUM_TABLE, NUM_RESTAURANT, NB_PLACES) VALUES (2, 1, 4);
INSERT INTO TABLE_RESTAURANT (NUM_TABLE, NUM_RESTAURANT, NB_PLACES) VALUES (3, 1, 6);

-- Tables du Restaurant 2 (Le Grand Café Foy)
INSERT INTO TABLE_RESTAURANT (NUM_TABLE, NUM_RESTAURANT, NB_PLACES) VALUES (4, 2, 2);
INSERT INTO TABLE_RESTAURANT (NUM_TABLE, NUM_RESTAURANT, NB_PLACES) VALUES (5, 2, 4);
INSERT INTO TABLE_RESTAURANT (NUM_TABLE, NUM_RESTAURANT, NB_PLACES) VALUES (6, 2, 8);

-- Tables du Restaurant 3 (Le Bouche à Oreille)
INSERT INTO TABLE_RESTAURANT (NUM_TABLE, NUM_RESTAURANT, NB_PLACES) VALUES (7, 3, 2);
INSERT INTO TABLE_RESTAURANT (NUM_TABLE, NUM_RESTAURANT, NB_PLACES) VALUES (8, 3, 4);

-- Tables du Restaurant 4 (Le Capucin Gourmand)
INSERT INTO TABLE_RESTAURANT (NUM_TABLE, NUM_RESTAURANT, NB_PLACES) VALUES (9, 4, 2);
INSERT INTO TABLE_RESTAURANT (NUM_TABLE, NUM_RESTAURANT, NB_PLACES) VALUES (10, 4, 4);

-- Tables du Restaurant 5 (La Table du Bon Roi Stanislas)
INSERT INTO TABLE_RESTAURANT (NUM_TABLE, NUM_RESTAURANT, NB_PLACES) VALUES (11, 5, 2);
INSERT INTO TABLE_RESTAURANT (NUM_TABLE, NUM_RESTAURANT, NB_PLACES) VALUES (12, 5, 4);


/* =========================================================================
   3. LES CRÉNEAUX HORAIRES DES TABLES (19h-21h et 21h-23h)
   ========================================================================= */
-- Créneaux pour Restaurant 1 (Tables 1, 2, 3)
INSERT INTO CRENEAU_TABLE (NUM_CRENEAU, NUM_TABLE, DEBUT, FIN, STATUT) VALUES (1, 1, TIMESTAMP '2026-06-10 19:00:00', TIMESTAMP '2026-06-10 21:00:00', 'LIBRE');
INSERT INTO CRENEAU_TABLE (NUM_CRENEAU, NUM_TABLE, DEBUT, FIN, STATUT) VALUES (2, 1, TIMESTAMP '2026-06-10 21:00:00', TIMESTAMP '2026-06-10 23:00:00', 'LIBRE');
INSERT INTO CRENEAU_TABLE (NUM_CRENEAU, NUM_TABLE, DEBUT, FIN, STATUT) VALUES (3, 2, TIMESTAMP '2026-06-10 19:00:00', TIMESTAMP '2026-06-10 21:00:00', 'LIBRE');
INSERT INTO CRENEAU_TABLE (NUM_CRENEAU, NUM_TABLE, DEBUT, FIN, STATUT) VALUES (4, 2, TIMESTAMP '2026-06-10 21:00:00', TIMESTAMP '2026-06-10 23:00:00', 'LIBRE');
INSERT INTO CRENEAU_TABLE (NUM_CRENEAU, NUM_TABLE, DEBUT, FIN, STATUT) VALUES (5, 3, TIMESTAMP '2026-06-10 19:00:00', TIMESTAMP '2026-06-10 21:00:00', 'LIBRE');
INSERT INTO CRENEAU_TABLE (NUM_CRENEAU, NUM_TABLE, DEBUT, FIN, STATUT) VALUES (6, 3, TIMESTAMP '2026-06-10 21:00:00', TIMESTAMP '2026-06-10 23:00:00', 'LIBRE');

-- Créneaux pour Restaurant 2 (Tables 4, 5, 6)
INSERT INTO CRENEAU_TABLE (NUM_CRENEAU, NUM_TABLE, DEBUT, FIN, STATUT) VALUES (7, 4, TIMESTAMP '2026-06-10 19:00:00', TIMESTAMP '2026-06-10 21:00:00', 'LIBRE');
INSERT INTO CRENEAU_TABLE (NUM_CRENEAU, NUM_TABLE, DEBUT, FIN, STATUT) VALUES (8, 4, TIMESTAMP '2026-06-10 21:00:00', TIMESTAMP '2026-06-10 23:00:00', 'LIBRE');
INSERT INTO CRENEAU_TABLE (NUM_CRENEAU, NUM_TABLE, DEBUT, FIN, STATUT) VALUES (9, 5, TIMESTAMP '2026-06-10 19:00:00', TIMESTAMP '2026-06-10 21:00:00', 'LIBRE');
INSERT INTO CRENEAU_TABLE (NUM_CRENEAU, NUM_TABLE, DEBUT, FIN, STATUT) VALUES (10, 5, TIMESTAMP '2026-06-10 21:00:00', TIMESTAMP '2026-06-10 23:00:00', 'LIBRE');
INSERT INTO CRENEAU_TABLE (NUM_CRENEAU, NUM_TABLE, DEBUT, FIN, STATUT) VALUES (11, 6, TIMESTAMP '2026-06-10 19:00:00', TIMESTAMP '2026-06-10 21:00:00', 'LIBRE');
INSERT INTO CRENEAU_TABLE (NUM_CRENEAU, NUM_TABLE, DEBUT, FIN, STATUT) VALUES (12, 6, TIMESTAMP '2026-06-10 21:00:00', TIMESTAMP '2026-06-10 23:00:00', 'LIBRE');

-- Créneaux pour Restaurant 3 (Tables 7, 8)
INSERT INTO CRENEAU_TABLE (NUM_CRENEAU, NUM_TABLE, DEBUT, FIN, STATUT) VALUES (13, 7, TIMESTAMP '2026-06-10 19:00:00', TIMESTAMP '2026-06-10 21:00:00', 'LIBRE');
INSERT INTO CRENEAU_TABLE (NUM_CRENEAU, NUM_TABLE, DEBUT, FIN, STATUT) VALUES (14, 7, TIMESTAMP '2026-06-10 21:00:00', TIMESTAMP '2026-06-10 23:00:00', 'LIBRE');
INSERT INTO CRENEAU_TABLE (NUM_CRENEAU, NUM_TABLE, DEBUT, FIN, STATUT) VALUES (15, 8, TIMESTAMP '2026-06-10 19:00:00', TIMESTAMP '2026-06-10 21:00:00', 'LIBRE');
INSERT INTO CRENEAU_TABLE (NUM_CRENEAU, NUM_TABLE, DEBUT, FIN, STATUT) VALUES (16, 8, TIMESTAMP '2026-06-10 21:00:00', TIMESTAMP '2026-06-10 23:00:00', 'LIBRE');

-- Créneaux pour Restaurant 4 (Tables 9, 10)
INSERT INTO CRENEAU_TABLE (NUM_CRENEAU, NUM_TABLE, DEBUT, FIN, STATUT) VALUES (17, 9, TIMESTAMP '2026-06-10 19:00:00', TIMESTAMP '2026-06-10 21:00:00', 'LIBRE');
INSERT INTO CRENEAU_TABLE (NUM_CRENEAU, NUM_TABLE, DEBUT, FIN, STATUT) VALUES (18, 9, TIMESTAMP '2026-06-10 21:00:00', TIMESTAMP '2026-06-10 23:00:00', 'LIBRE');
INSERT INTO CRENEAU_TABLE (NUM_CRENEAU, NUM_TABLE, DEBUT, FIN, STATUT) VALUES (19, 10, TIMESTAMP '2026-06-10 19:00:00', TIMESTAMP '2026-06-10 21:00:00', 'LIBRE');
INSERT INTO CRENEAU_TABLE (NUM_CRENEAU, NUM_TABLE, DEBUT, FIN, STATUT) VALUES (20, 10, TIMESTAMP '2026-06-10 21:00:00', TIMESTAMP '2026-06-10 23:00:00', 'LIBRE');

-- Créneaux pour Restaurant 5 (Tables 11, 12)
INSERT INTO CRENEAU_TABLE (NUM_CRENEAU, NUM_TABLE, DEBUT, FIN, STATUT) VALUES (21, 11, TIMESTAMP '2026-06-10 19:00:00', TIMESTAMP '2026-06-10 21:00:00', 'LIBRE');
INSERT INTO CRENEAU_TABLE (NUM_CRENEAU, NUM_TABLE, DEBUT, FIN, STATUT) VALUES (22, 11, TIMESTAMP '2026-06-10 21:00:00', TIMESTAMP '2026-06-10 23:00:00', 'LIBRE');
INSERT INTO CRENEAU_TABLE (NUM_CRENEAU, NUM_TABLE, DEBUT, FIN, STATUT) VALUES (23, 12, TIMESTAMP '2026-06-10 19:00:00', TIMESTAMP '2026-06-10 21:00:00', 'LIBRE');
INSERT INTO CRENEAU_TABLE (NUM_CRENEAU, NUM_TABLE, DEBUT, FIN, STATUT) VALUES (24, 12, TIMESTAMP '2026-06-10 21:00:00', TIMESTAMP '2026-06-10 23:00:00', 'LIBRE');


/* =========================================================================
   4. VALIDATION FINALE DES TRANSACTIONS
   ========================================================================= */
COMMIT;